{"cameraMode":{"drawMode":0,"name":"Shaded","section":"Shading Mode"},"sceneLighting":false,"audioPlay":false,"sceneViewState":{"m_AlwaysRefresh":false,"showFog":true,"showSkybox":false,"showFlares":true,"showImageEffects":false,"showParticleSystems":true,"showVisualEffectGraphs":true,"m_FxEnabled":true},"in2DMode":false,"pivot":{"x":-0.028478145599365236,"y":2.3403897285461427,"z":2.458777904510498},"rotation":{"x":0.11315061151981354,"y":0.7144994139671326,"z":-0.11881265044212342,"w":0.6801778078079224},"size":4.001952648162842,"orthographic":false}