{"cameraMode":{"drawMode":0,"name":"Shaded","section":"Shading Mode"},"sceneLighting":true,"audioPlay":false,"sceneViewState":{"m_AlwaysRefresh":false,"showFog":true,"showSkybox":true,"showFlares":true,"showImageEffects":false,"showParticleSystems":true,"showVisualEffectGraphs":true,"m_FxEnabled":true},"in2DMode":false,"pivot":{"x":188.70797729492188,"y":5.9681010246276859,"z":-691.0195922851563},"rotation":{"x":0.0008066255250014365,"y":0.9967896938323975,"z":-0.009778314270079136,"w":0.0800313875079155},"size":381.49615478515627,"orthographic":false}