{"cameraMode":{"drawMode":0,"name":"Shaded","section":"Shading Mode"},"sceneLighting":false,"audioPlay":false,"sceneViewState":{"m_AlwaysRefresh":false,"showFog":true,"showSkybox":false,"showFlares":true,"showImageEffects":false,"showParticleSystems":true,"showVisualEffectGraphs":true,"m_FxEnabled":true},"in2DMode":false,"pivot":{"x":-1.286651611328125,"y":-0.09026576578617096,"z":0.7521644830703735},"rotation":{"x":0.1610330194234848,"y":0.029599890112876893,"z":-0.004828304518014193,"w":0.9865080714225769},"size":7.794228553771973,"orthographic":false}