{"cameraMode":{"drawMode":0,"name":"Shaded","section":"Shading Mode"},"sceneLighting":false,"audioPlay":false,"sceneViewState":{"m_AlwaysRefresh":false,"showFog":true,"showSkybox":false,"showFlares":true,"showImageEffects":false,"showParticleSystems":true,"showVisualEffectGraphs":true,"m_FxEnabled":true},"in2DMode":false,"pivot":{"x":0.6026438474655151,"y":0.8254188895225525,"z":-0.6172500252723694},"rotation":{"x":0.24754922091960908,"y":-0.3181877136230469,"z":0.08646772801876068,"w":0.9110746383666992},"size":4.1575422286987309,"orthographic":false}